dummy1,dummy2,dummy3,Address Name
123,abc,"""a,a""","Flat A, 5/F, Block 1, East Point City, TSEUNG KWAN O, NEW TERRITORIES"
124,abc,"""a,a""","Flat D, 5/F, Tower 1B, The Wings Iiib, TSEUNG KWAN O, NEW TERRITORIES"
125,abc,"""a,a""","Room 1412, 14/F, Tong Fai House, Tong Ming Court, TSEUNG KWAN O, NEW TERRITORIES"
126,abc,"""a,a""",cyberport
127,abc,"""a,a""",evangel college
128,abc,"""a,a""","Flat B, 3/F, Block 2, Wing On Towers, 9 Boyce Road, CAUSEWAY BAY, HONG KONG"
129,abc,"""a,a""",ifc
130,abc,"""a,a""",the peak
131,abc,"""a,a""",tko hospital
132,abc,"""a,a""",king's college
133,abc,"""a,a""",king's college
134,abc,"""a,a""",qerngiequgqebgiqer
135,abc,"""a,a""",
136,abc,"""a,a""",?????????
